run_id,seed,t,device_id,station,event,model_class,damage_state,battery_state,exceptions,extra_json
run_001,42,373.578339844644,0,S0,ARRIVAL_BIN,supported,normal,normal,[],{}
run_001,42,373.578339844644,0,Q0,Q_PUT,,,,[],{}
run_001,42,373.578339844644,1,S0,ARRIVAL_BIN,supported,normal,normal,[],{}
run_001,42,373.578339844644,0,Q0,Q_GET,,,,[],{}
run_001,42,373.578339844644,1,Q0,Q_PUT,,,,[],{}
run_001,42,373.578339844644,2,S0,ARRIVAL_BIN,supported,normal,normal,[],{}
run_001,42,373.578339844644,2,Q0,Q_PUT,,,,[],{}
run_001,42,373.578339844644,3,S0,ARRIVAL_BIN,supported,normal,normal,[],{}
run_001,42,373.578339844644,3,Q0,Q_PUT,,,,[],{}
run_001,42,373.578339844644,4,S0,ARRIVAL_BIN,supported,normal,normal,[],{}
run_001,42,373.578339844644,4,Q0,Q_PUT,,,,[],{}
run_001,42,373.578339844644,5,S0,ARRIVAL_BIN,supported,normal,normal,[],{}
run_001,42,373.578339844644,5,Q0,Q_PUT,,,,[],{}
run_001,42,373.578339844644,6,S0,ARRIVAL_BIN,supported,normal,normal,[],{}
run_001,42,373.578339844644,6,Q0,Q_PUT,,,,[],{}
run_001,42,373.578339844644,7,S0,ARRIVAL_BIN,supported,normal,normal,[],{}
run_001,42,373.578339844644,7,Q0,Q_PUT,,,,[],{}
run_001,42,373.578339844644,8,S0,ARRIVAL_BIN,supported,normal,normal,[],{}
run_001,42,373.578339844644,8,Q0,Q_PUT,,,,[],{}
run_001,42,373.578339844644,9,S0,ARRIVAL_BIN,supported,normal,normal,[],{}
run_001,42,373.578339844644,9,Q0,Q_PUT,,,,[],{}
run_001,42,373.578339844644,10,S0,ARRIVAL_BIN,supported,normal,normal,[],{}
run_001,42,373.578339844644,10,Q0,Q_PUT,,,,[],{}
run_001,42,373.578339844644,11,S0,ARRIVAL_BIN,supported,normal,normal,[],{}
run_001,42,373.578339844644,11,Q0,Q_PUT,,,,[],{}
run_001,42,373.578339844644,12,S0,ARRIVAL_BIN,supported,normal,normal,[],{}
run_001,42,373.578339844644,12,Q0,Q_PUT,,,,[],{}
run_001,42,373.578339844644,13,S0,ARRIVAL_BIN,supported,normal,normal,[],{}
run_001,42,373.578339844644,13,Q0,Q_PUT,,,,[],{}
run_001,42,373.578339844644,14,S0,ARRIVAL_BIN,supported,normal,normal,[],{}
run_001,42,373.578339844644,14,Q0,Q_PUT,,,,[],{}
run_001,42,373.578339844644,15,S0,ARRIVAL_BIN,supported,normal,normal,[],{}
run_001,42,373.578339844644,15,Q0,Q_PUT,,,,[],{}
run_001,42,373.578339844644,16,S0,ARRIVAL_BIN,supported,normal,normal,[],{}
run_001,42,373.578339844644,16,Q0,Q_PUT,,,,[],{}
run_001,42,373.578339844644,17,S0,ARRIVAL_BIN,supported,normal,normal,[],{}
run_001,42,373.578339844644,17,Q0,Q_PUT,,,,[],{}
run_001,42,373.578339844644,18,S0,ARRIVAL_BIN,supported,normal,normal,[],{}
run_001,42,373.578339844644,18,Q0,Q_PUT,,,,[],{}
run_001,42,373.578339844644,19,S0,ARRIVAL_BIN,supported,normal,normal,[],{}
run_001,42,373.578339844644,19,Q0,Q_PUT,,,,[],{}
run_001,42,373.578339844644,20,S0,ARRIVAL_BIN,supported,normal,normal,[],{}
run_001,42,373.578339844644,20,Q0,Q_PUT,,,,[],{}
run_001,42,373.578339844644,21,S0,ARRIVAL_BIN,supported,normal,normal,[],{}
run_001,42,373.578339844644,21,Q0,Q_PUT,,,,[],{}
run_001,42,384.2908848406212,0,S1,IDENTIFY_START,supported,normal,normal,[],{}
run_001,42,388.8948758252275,0,S1,IDENTIFY_END,supported,normal,normal,[],{}
run_001,42,388.8948758252275,0,Q1,Q_PUT,,,,[],{}
run_001,42,388.8948758252275,0,Q1,Q_GET,,,,[],{}
run_001,42,388.8948758252275,1,Q0,Q_GET,,,,[],{}
run_001,42,388.8948758252275,0,S2,M1_START,supported,normal,normal,[],{}
run_001,42,398.6212015544751,1,S1,IDENTIFY_START,supported,normal,normal,[],{}
run_001,42,403.65833532707046,1,S1,IDENTIFY_END,supported,normal,normal,[],{}
run_001,42,403.65833532707046,1,Q1,Q_PUT,,,,[],{}
run_001,42,403.65833532707046,2,Q0,Q_GET,,,,[],{}
run_001,42,409.6142070191701,2,S1,IDENTIFY_START,supported,normal,normal,[],{}
run_001,42,425.3182527817332,2,S1,IDENTIFY_END,supported,normal,normal,[],{}
run_001,42,425.3182527817332,2,Q1,Q_PUT,,,,[],{}
run_001,42,425.3182527817332,3,Q0,Q_GET,,,,[],{}
run_001,42,435.51814962921736,3,S1,IDENTIFY_START,supported,normal,normal,[],{}
run_001,42,443.67502411711064,3,S1,IDENTIFY_END,supported,normal,normal,[],{}
run_001,42,443.67502411711064,3,Q1,Q_PUT,,,,[],{}
run_001,42,443.67502411711064,4,Q0,Q_GET,,,,[],{}
run_001,42,445.0344353312483,0,S2,M1_END,supported,normal,normal,[],{}
run_001,42,445.0344353312483,0,Q2,Q_PUT,,,,[],{}
run_001,42,445.0344353312483,0,Q2,Q_GET,,,,[],{}
run_001,42,445.0344353312483,1,Q1,Q_GET,,,,[],{}
run_001,42,445.0344353312483,0,S3,M2_START,supported,normal,normal,[],"{""cooling"": ""-80C""}"
run_001,42,445.0344353312483,1,S2,M1_START,supported,normal,normal,[],{}
run_001,42,451.0655577962744,4,S1,IDENTIFY_START,supported,normal,normal,[],{}
run_001,42,461.4312144651885,4,S1,IDENTIFY_END,supported,normal,normal,[],{}
run_001,42,461.4312144651885,4,Q1,Q_PUT,,,,[],{}
run_001,42,461.4312144651885,5,Q0,Q_GET,,,,[],{}
run_001,42,467.2708856423177,5,S1,IDENTIFY_START,supported,normal,normal,[],{}
run_001,42,484.5535159853729,5,S1,IDENTIFY_END,supported,normal,normal,[],{}
run_001,42,484.5535159853729,5,Q1,Q_PUT,,,,[],{}
run_001,42,484.5535159853729,6,Q0,Q_GET,,,,[],{}
run_001,42,485.2440973538236,0,S3,M2_END,supported,normal,normal,[],{}
run_001,42,485.2440973538236,0,Q3,Q_PUT,,,,[],{}
run_001,42,485.2440973538236,0,Q3,Q_GET,,,,[],{}
run_001,42,485.2440973538236,0,S4,M3_START,supported,normal,normal,[],{}
run_001,42,494.186007682593,6,S1,IDENTIFY_START,supported,normal,normal,[],{}
run_001,42,497.96192185188175,6,S1,IDENTIFY_END,supported,normal,normal,[],{}
run_001,42,497.96192185188175,6,Q1,Q_PUT,,,,[],{}
run_001,42,497.96192185188175,7,Q0,Q_GET,,,,[],{}
run_001,42,506.2703887724693,1,S2,M1_END,supported,normal,normal,[],{}
run_001,42,506.2703887724693,1,Q2,Q_PUT,,,,[],{}
run_001,42,506.2703887724693,1,Q2,Q_GET,,,,[],{}
run_001,42,506.2703887724693,2,Q1,Q_GET,,,,[],{}
run_001,42,506.2703887724693,1,S3,M2_START,supported,normal,normal,[],"{""cooling"": ""-80C""}"
run_001,42,506.2703887724693,2,S2,M1_START,supported,normal,normal,[],{}
run_001,42,506.5429160037398,7,S1,IDENTIFY_START,supported,normal,normal,[],{}
run_001,42,513.5086530882855,7,S1,IDENTIFY_END,supported,normal,normal,[],{}
run_001,42,513.5086530882855,7,Q1,Q_PUT,,,,[],{}
run_001,42,513.5086530882855,8,Q0,Q_GET,,,,[],{}
run_001,42,514.6951490335018,0,S4,M3_END,supported,normal,normal,[],{}
run_001,42,514.6951490335018,0,Q4,Q_PUT,,,,[],{}
run_001,42,514.6951490335018,0,Q4,Q_GET,,,,[],{}
run_001,42,514.6951490335018,0,S5,M4_START,supported,normal,normal,[],{}
run_001,42,520.2045730950446,8,S1,IDENTIFY_START,supported,normal,normal,[],{}
run_001,42,528.7101240612254,8,S1,IDENTIFY_END,supported,normal,normal,[],{}
run_001,42,528.7101240612254,8,Q1,Q_PUT,,,,[],{}
run_001,42,528.7101240612254,9,Q0,Q_GET,,,,[],{}
run_001,42,537.1584692556611,9,S1,IDENTIFY_START,supported,normal,normal,[],{}
run_001,42,545.2489051811799,9,S1,IDENTIFY_END,supported,normal,normal,[],{}
run_001,42,545.2489051811799,9,Q1,Q_PUT,,,,[],{}
run_001,42,545.2489051811799,10,Q0,Q_GET,,,,[],{}
run_001,42,552.6338084670576,0,S5,M4_END,supported,normal,normal,[],{}
run_001,42,552.6338084670576,0,Q5,Q_PUT,,,,[],{}
run_001,42,552.6338084670576,0,Q5,Q_GET,,,,[],{}
run_001,42,552.6338084670576,0,S6,PACK_START,supported,normal,normal,[],{}
run_001,42,554.0066670617465,10,S1,IDENTIFY_START,supported,normal,normal,[],{}
run_001,42,561.5826802425167,10,S1,IDENTIFY_END,supported,normal,normal,[],{}
run_001,42,561.5826802425167,10,Q1,Q_PUT,,,,[],{}
run_001,42,561.5826802425167,11,Q0,Q_GET,,,,[],{}
run_001,42,570.1580725126041,11,S1,IDENTIFY_START,supported,normal,normal,[],{}
run_001,42,575.3301662722321,11,S1,IDENTIFY_END,supported,normal,normal,[],{}
run_001,42,575.3301662722321,11,Q1,Q_PUT,,,,[],{}
run_001,42,575.3301662722321,12,Q0,Q_GET,,,,[],{}
run_001,42,577.8660100183831,12,S1,IDENTIFY_START,supported,normal,normal,[],{}
run_001,42,583.7822630397666,2,S2,M1_END,supported,normal,normal,[],{}
run_001,42,583.7822630397666,2,Q2,Q_PUT,,,,[],{}
run_001,42,583.7822630397666,3,Q1,Q_GET,,,,[],{}
run_001,42,583.7822630397666,3,S2,M1_START,supported,normal,normal,[],{}
run_001,42,590.5383189175342,12,S1,IDENTIFY_END,supported,normal,normal,[],{}
run_001,42,590.5383189175342,12,Q1,Q_PUT,,,,[],{}
run_001,42,590.5383189175342,13,Q0,Q_GET,,,,[],{}
run_001,42,590.6518109419142,0,S6,PACK_END,supported,normal,normal,[],{}
run_001,42,590.6518109419142,0,S6,DISPATCHED,supported,normal,normal,[],"{""outputs"": {""batteries"": 1.0, ""logic_boards"": 1.0, ""housings"": 1.0, ""modules_magnets"": 1.0, ""mixed_fines"": 0.6336775206408441}}"
run_001,42,600.1992903572861,13,S1,IDENTIFY_START,supported,normal,normal,[],{}
run_001,42,608.5222520099851,13,S1,IDENTIFY_END,supported,normal,normal,[],{}
run_001,42,608.5222520099851,13,Q1,Q_PUT,,,,[],{}
run_001,42,608.5222520099851,14,Q0,Q_GET,,,,[],{}
run_001,42,612.8572215872983,14,S1,IDENTIFY_START,supported,normal,normal,[],{}
run_001,42,616.2663416996756,1,S3,M2_END,supported,normal,normal,[],{}
run_001,42,616.2663416996756,1,Q3,Q_PUT,,,,[],{}
run_001,42,616.2663416996756,1,Q3,Q_GET,,,,[],{}
run_001,42,616.2663416996756,2,Q2,Q_GET,,,,[],{}
run_001,42,616.2663416996756,1,S4,M3_START,supported,normal,normal,[],{}
run_001,42,616.2663416996756,2,S3,M2_START,supported,normal,normal,[],"{""cooling"": ""-80C""}"
run_001,42,617.7288352964504,14,S1,IDENTIFY_END,supported,normal,normal,[],{}
run_001,42,617.7288352964504,14,Q1,Q_PUT,,,,[],{}
run_001,42,617.7288352964504,15,Q0,Q_GET,,,,[],{}
run_001,42,625.8377817920925,15,S1,IDENTIFY_START,supported,normal,normal,[],{}
run_001,42,633.673462405015,3,S2,M1_END,supported,normal,normal,[],{}
run_001,42,633.673462405015,3,Q2,Q_PUT,,,,[],{}
run_001,42,633.673462405015,4,Q1,Q_GET,,,,[],{}
run_001,42,633.673462405015,4,S2,M1_START,supported,normal,normal,[],{}
run_001,42,635.2312747782738,15,S1,IDENTIFY_END,supported,normal,normal,[],{}
run_001,42,635.2312747782738,15,Q1,Q_PUT,,,,[],{}
run_001,42,635.2312747782738,16,Q0,Q_GET,,,,[],{}
run_001,42,638.3275847472834,16,S1,IDENTIFY_START,supported,normal,normal,[],{}
run_001,42,645.842968460511,1,S4,M3_END,supported,normal,normal,[],{}
run_001,42,645.842968460511,1,Q4,Q_PUT,,,,[],{}
run_001,42,645.842968460511,1,Q4,Q_GET,,,,[],{}
run_001,42,645.842968460511,1,S5,M4_START,supported,normal,normal,[],{}
run_001,42,646.4134243524655,16,S1,IDENTIFY_END,supported,normal,normal,[],{}
run_001,42,646.4134243524655,16,Q1,Q_PUT,,,,[],{}
run_001,42,646.4134243524655,17,Q0,Q_GET,,,,[],{}
run_001,42,651.4340522861727,17,S1,IDENTIFY_START,supported,normal,normal,[],{}
run_001,42,655.4829049899103,17,S1,IDENTIFY_END,supported,normal,normal,[],{}
run_001,42,655.4829049899103,17,Q1,Q_PUT,,,,[],{}
run_001,42,655.4829049899103,18,Q0,Q_GET,,,,[],{}
run_001,42,660.8999612099265,18,S1,IDENTIFY_START,supported,normal,normal,[],{}
run_001,42,671.6697370366562,18,S1,IDENTIFY_END,supported,normal,normal,[],{}
run_001,42,671.6697370366562,18,Q1,Q_PUT,,,,[],{}
run_001,42,671.6697370366562,19,Q0,Q_GET,,,,[],{}
run_001,42,677.6755751880785,4,S2,M1_END,supported,normal,normal,[],{}
run_001,42,677.6755751880785,4,Q2,Q_PUT,,,,[],{}
run_001,42,677.6755751880785,5,Q1,Q_GET,,,,[],{}
run_001,42,677.6755751880785,5,S2,M1_START,supported,normal,normal,[],{}
run_001,42,681.3694320627735,19,S1,IDENTIFY_START,supported,normal,normal,[],{}
run_001,42,689.1387120955311,19,S1,IDENTIFY_END,supported,normal,normal,[],{}
run_001,42,689.1387120955311,19,Q1,Q_PUT,,,,[],{}
run_001,42,689.1387120955311,20,Q0,Q_GET,,,,[],{}
run_001,42,693.6905631641479,20,S1,IDENTIFY_START,supported,normal,normal,[],{}
run_001,42,696.9693396362641,20,S1,IDENTIFY_END,supported,normal,normal,[],{}
run_001,42,696.9693396362641,20,Q1,Q_PUT,,,,[],{}
run_001,42,696.9693396362641,21,Q0,Q_GET,,,,[],{}
run_001,42,704.2782019004237,1,S5,M4_END,supported,normal,normal,[],{}
run_001,42,704.2782019004237,1,Q5,Q_PUT,,,,[],{}
run_001,42,704.2782019004237,1,Q5,Q_GET,,,,[],{}
run_001,42,704.2782019004237,1,S6,PACK_START,supported,normal,normal,[],{}
run_001,42,704.9018696355239,2,S3,M2_END,supported,normal,normal,[],{}
run_001,42,704.9018696355239,2,Q3,Q_PUT,,,,[],{}
run_001,42,704.9018696355239,2,Q3,Q_GET,,,,[],{}
run_001,42,704.9018696355239,3,Q2,Q_GET,,,,[],{}
run_001,42,704.9018696355239,2,S4,M3_START,supported,normal,normal,[],{}
run_001,42,704.9018696355239,3,S3,M2_START,supported,normal,normal,[],"{""cooling"": ""-80C""}"
run_001,42,705.9615709637484,21,S1,IDENTIFY_START,supported,normal,normal,[],{}
run_001,42,711.5918306321728,22,S0,ARRIVAL_BIN,supported,normal,normal,[],{}
run_001,42,711.5918306321728,22,Q0,Q_PUT,,,,[],{}
run_001,42,711.5918306321728,23,S0,ARRIVAL_BIN,supported,normal,normal,[],{}
run_001,42,711.5918306321728,23,Q0,Q_PUT,,,,[],{}
run_001,42,711.5918306321728,24,S0,ARRIVAL_BIN,supported,normal,normal,[],{}
run_001,42,711.5918306321728,24,Q0,Q_PUT,,,,[],{}
run_001,42,711.5918306321728,25,S0,ARRIVAL_BIN,supported,normal,normal,[],{}
run_001,42,711.5918306321728,25,Q0,Q_PUT,,,,[],{}
run_001,42,711.5918306321728,26,S0,ARRIVAL_BIN,supported,normal,normal,[],{}
run_001,42,711.5918306321728,26,Q0,Q_PUT,,,,[],{}
run_001,42,711.5918306321728,27,S0,ARRIVAL_BIN,supported,normal,normal,[],{}
run_001,42,711.5918306321728,27,Q0,Q_PUT,,,,[],{}
run_001,42,711.5918306321728,28,S0,ARRIVAL_BIN,supported,normal,normal,[],{}
run_001,42,711.5918306321728,28,Q0,Q_PUT,,,,[],{}
run_001,42,711.5918306321728,29,S0,ARRIVAL_BIN,supported,normal,normal,[],{}
run_001,42,711.5918306321728,29,Q0,Q_PUT,,,,[],{}
run_001,42,711.5918306321728,30,S0,ARRIVAL_BIN,supported,normal,normal,[],{}
run_001,42,711.5918306321728,30,Q0,Q_PUT,,,,[],{}
run_001,42,711.5918306321728,31,S0,ARRIVAL_BIN,supported,normal,normal,[],{}
run_001,42,711.5918306321728,31,Q0,Q_PUT,,,,[],{}
run_001,42,711.5918306321728,32,S0,ARRIVAL_BIN,supported,normal,normal,[],{}
run_001,42,711.5918306321728,32,Q0,Q_PUT,,,,[],{}
run_001,42,711.5918306321728,33,S0,ARRIVAL_BIN,supported,normal,normal,[],{}
run_001,42,711.5918306321728,33,Q0,Q_PUT,,,,[],{}
run_001,42,711.5918306321728,34,S0,ARRIVAL_BIN,supported,normal,normal,[],{}
run_001,42,711.5918306321728,34,Q0,Q_PUT,,,,[],{}
run_001,42,711.5918306321728,35,S0,ARRIVAL_BIN,supported,normal,normal,[],{}
run_001,42,711.5918306321728,35,Q0,Q_PUT,,,,[],{}
run_001,42,711.5918306321728,36,S0,ARRIVAL_BIN,supported,normal,normal,[],{}
run_001,42,711.5918306321728,36,Q0,Q_PUT,,,,[],{}
run_001,42,711.5918306321728,37,S0,ARRIVAL_BIN,supported,normal,normal,[],{}
run_001,42,711.5918306321728,37,Q0,Q_PUT,,,,[],{}
run_001,42,711.5918306321728,38,S0,ARRIVAL_BIN,supported,normal,normal,[],{}
run_001,42,711.5918306321728,38,Q0,Q_PUT,,,,[],{}
run_001,42,711.5918306321728,39,S0,ARRIVAL_BIN,supported,normal,normal,[],{}
run_001,42,711.5918306321728,39,Q0,Q_PUT,,,,[],{}
run_001,42,711.5918306321728,40,S0,ARRIVAL_BIN,supported,normal,normal,[],{}
run_001,42,711.5918306321728,40,Q0,Q_PUT,,,,[],{}
run_001,42,713.4722695011491,21,S1,IDENTIFY_END,supported,normal,normal,[],{}
run_001,42,713.4722695011491,21,Q1,Q_PUT,,,,[],{}
run_001,42,713.4722695011491,22,Q0,Q_GET,,,,[],{}
run_001,42,717.3211466883434,22,S1,IDENTIFY_START,supported,normal,normal,[],{}
run_001,42,722.2360094557267,22,S1,IDENTIFY_END,supported,normal,normal,[],{}
run_001,42,722.2360094557267,22,Q1,Q_PUT,,,,[],{}
run_001,42,722.2360094557267,23,Q0,Q_GET,,,,[],{}
run_001,42,727.5346359062363,5,S2,M1_END,supported,normal,normal,[],{}
run_001,42,727.5346359062363,5,Q2,Q_PUT,,,,[],{}
run_001,42,727.5346359062363,6,Q1,Q_GET,,,,[],{}
run_001,42,727.5346359062363,6,S2,M1_START,supported,normal,normal,[],{}
run_001,42,729.1368561433362,1,S6,PACK_END,supported,normal,normal,[],{}
run_001,42,729.1368561433362,1,S6,DISPATCHED,supported,normal,normal,[],"{""outputs"": {""batteries"": 1.0, ""logic_boards"": 1.0, ""housings"": 1.0, ""modules_magnets"": 1.0, ""mixed_fines"": 0.17959497711996392}}"
run_001,42,733.7886176578583,23,S1,IDENTIFY_START,supported,normal,normal,[],{}
run_001,42,740.187118853969,23,S1,IDENTIFY_END,supported,normal,normal,[],{}
run_001,42,740.187118853969,23,Q1,Q_PUT,,,,[],{}
run_001,42,740.187118853969,24,Q0,Q_GET,,,,[],{}
run_001,42,741.848901418525,2,S4,M3_END,supported,normal,normal,[],{}
run_001,42,741.848901418525,2,Q4,Q_PUT,,,,[],{}
run_001,42,741.848901418525,2,Q4,Q_GET,,,,[],{}
run_001,42,741.848901418525,2,S5,M4_START,supported,normal,normal,[],{}
run_001,42,749.8240616582599,24,S1,IDENTIFY_START,supported,normal,normal,[],{}
run_001,42,756.281715982011,24,S1,IDENTIFY_END,supported,normal,normal,[],{}
run_001,42,756.281715982011,24,Q1,Q_PUT,,,,[],{}
run_001,42,756.281715982011,25,Q0,Q_GET,,,,[],{}
run_001,42,767.7233893458938,25,S1,IDENTIFY_START,supported,normal,normal,[],{}
run_001,42,776.0125236664519,25,S1,IDENTIFY_END,supported,normal,normal,[],{}
run_001,42,776.0125236664519,25,Q1,Q_PUT,,,,[],{}
run_001,42,776.0125236664519,26,Q0,Q_GET,,,,[],{}
run_001,42,779.5687860183647,6,S2,M1_END,supported,normal,normal,[],{}
run_001,42,779.5687860183647,6,Q2,Q_PUT,,,,[],{}
run_001,42,779.5687860183647,7,Q1,Q_GET,,,,[],{}
run_001,42,779.5687860183647,7,S2,M1_START,supported,normal,normal,[],{}
run_001,42,781.5138059182284,26,S1,IDENTIFY_START,supported,normal,normal,[],{}
run_001,42,781.7815539408044,3,S3,M2_END,supported,normal,normal,[],{}
run_001,42,781.7815539408044,3,Q3,Q_PUT,,,,[],{}
run_001,42,781.7815539408044,3,Q3,Q_GET,,,,[],{}
run_001,42,781.7815539408044,4,Q2,Q_GET,,,,[],{}
run_001,42,781.7815539408044,3,S4,M3_START,supported,normal,normal,[],{}
run_001,42,781.7815539408044,4,S3,M2_START,supported,normal,normal,[],"{""cooling"": ""-80C""}"
run_001,42,787.0813877843703,26,S1,IDENTIFY_END,supported,normal,normal,[],{}
run_001,42,787.0813877843703,26,Q1,Q_PUT,,,,[],{}
run_001,42,787.0813877843703,27,Q0,Q_GET,,,,[],{}
run_001,42,795.1207950862819,27,S1,IDENTIFY_START,supported,normal,normal,[],{}
run_001,42,803.5012885072991,2,S5,M4_END,supported,normal,normal,[],{}
run_001,42,803.5012885072991,2,Q5,Q_PUT,,,,[],{}
run_001,42,803.5012885072991,2,Q5,Q_GET,,,,[],{}
run_001,42,803.5012885072991,2,S6,PACK_START,supported,normal,normal,[],{}
run_001,42,804.8832508576111,27,S1,IDENTIFY_END,supported,normal,normal,[],{}
run_001,42,804.8832508576111,27,Q1,Q_PUT,,,,[],{}
run_001,42,804.8832508576111,28,Q0,Q_GET,,,,[],{}
run_001,42,811.7726902420794,28,S1,IDENTIFY_START,supported,normal,normal,[],{}
run_001,42,818.777499805147,28,S1,IDENTIFY_END,supported,normal,normal,[],{}
run_001,42,818.777499805147,28,Q1,Q_PUT,,,,[],{}
run_001,42,818.777499805147,29,Q0,Q_GET,,,,[],{}
run_001,42,821.2245399847751,3,S4,M3_END,supported,normal,normal,[],{}
run_001,42,821.2245399847751,3,Q4,Q_PUT,,,,[],{}
run_001,42,821.2245399847751,3,Q4,Q_GET,,,,[],{}
run_001,42,821.2245399847751,3,S5,M4_START,supported,normal,normal,[],{}
run_001,42,822.7856620847399,29,S1,IDENTIFY_START,supported,normal,normal,[],{}
run_001,42,824.6272009430817,7,S2,M1_END,supported,normal,normal,[],{}
run_001,42,824.6272009430817,7,Q2,Q_PUT,,,,[],{}
run_001,42,824.6272009430817,8,Q1,Q_GET,,,,[],{}
run_001,42,824.6272009430817,8,S2,M1_START,supported,normal,normal,[],{}
run_001,42,825.4766033721432,2,S6,PACK_END,supported,normal,normal,[],{}
run_001,42,825.4766033721432,2,S6,DISPATCHED,supported,normal,normal,[],"{""outputs"": {""batteries"": 1.0, ""logic_boards"": 1.0, ""housings"": 1.0, ""modules_magnets"": 1.0, ""mixed_fines"": 0.12995716304989816}}"
run_001,42,838.4417318172233,29,S1,IDENTIFY_END,supported,normal,normal,[],{}
run_001,42,838.4417318172233,29,Q1,Q_PUT,,,,[],{}
run_001,42,838.4417318172233,30,Q0,Q_GET,,,,[],{}
run_001,42,846.149202344714,30,S1,IDENTIFY_START,supported,normal,normal,[],{}
run_001,42,849.4305604968862,30,S1,IDENTIFY_END,supported,normal,normal,[],{}
run_001,42,849.4305604968862,30,Q1,Q_PUT,,,,[],{}
run_001,42,849.4305604968862,31,Q0,Q_GET,,,,[],{}
run_001,42,856.2268690596475,31,S1,IDENTIFY_START,supported,normal,normal,[],{}
run_001,42,862.5095456453107,3,S5,M4_END,supported,normal,normal,[],{}
run_001,42,862.5095456453107,3,Q5,Q_PUT,,,,[],{}
run_001,42,862.5095456453107,3,Q5,Q_GET,,,,[],{}
run_001,42,862.5095456453107,3,S6,PACK_START,supported,normal,normal,[],{}
run_001,42,868.8274959285689,31,S1,IDENTIFY_END,supported,normal,normal,[],{}
run_001,42,868.8274959285689,31,Q1,Q_PUT,,,,[],{}
run_001,42,868.8274959285689,32,Q0,Q_GET,,,,[],{}
run_001,42,869.7840684762467,8,S2,M1_END,supported,normal,normal,[],{}
run_001,42,869.7840684762467,8,Q2,Q_PUT,,,,[],{}
run_001,42,869.7840684762467,9,Q1,Q_GET,,,,[],{}
run_001,42,869.7840684762467,9,S2,M1_START,supported,normal,normal,[],{}
run_001,42,876.3659040614731,32,S1,IDENTIFY_START,supported,normal,normal,[],{}
run_001,42,882.7746519888772,32,S1,IDENTIFY_END,supported,normal,normal,[],{}
run_001,42,882.7746519888772,32,Q1,Q_PUT,,,,[],{}
run_001,42,882.7746519888772,33,Q0,Q_GET,,,,[],{}
run_001,42,887.006022031836,3,S6,PACK_END,supported,normal,normal,[],{}
run_001,42,887.006022031836,3,S6,DISPATCHED,supported,normal,normal,[],"{""outputs"": {""batteries"": 1.0, ""logic_boards"": 1.0, ""housings"": 1.0, ""modules_magnets"": 1.0, ""mixed_fines"": 0.3591620053949113}}"
run_001,42,888.3900609341758,4,S3,M2_END,supported,normal,normal,[],{}
run_001,42,888.3900609341758,4,Q3,Q_PUT,,,,[],{}
run_001,42,888.3900609341758,4,Q3,Q_GET,,,,[],{}
run_001,42,888.3900609341758,5,Q2,Q_GET,,,,[],{}
run_001,42,888.3900609341758,4,S4,M3_START,supported,normal,normal,[],{}
run_001,42,888.3900609341758,5,S3,M2_START,supported,normal,normal,[],"{""cooling"": ""-80C""}"
run_001,42,889.880819733331,33,S1,IDENTIFY_START,supported,normal,normal,[],{}
run_001,42,902.4161086127618,4,S4,M3_END,supported,normal,normal,[],{}
run_001,42,902.4161086127618,4,Q4,Q_PUT,,,,[],{}
run_001,42,902.4161086127618,4,Q4,Q_GET,,,,[],{}
run_001,42,902.4161086127618,4,S5,M4_START,supported,normal,normal,[],{}
run_001,42,904.7654032794752,33,S1,IDENTIFY_END,supported,normal,normal,[],{}
run_001,42,904.7654032794752,33,Q1,Q_PUT,,,,[],{}
run_001,42,904.7654032794752,34,Q0,Q_GET,,,,[],{}
run_001,42,909.5122983171741,9,S2,M1_END,supported,normal,normal,[],{}
run_001,42,909.5122983171741,9,Q2,Q_PUT,,,,[],{}
run_001,42,909.5122983171741,10,Q1,Q_GET,,,,[],{}
run_001,42,909.5122983171741,10,S2,M1_START,supported,normal,normal,[],{}
run_001,42,913.2378625553721,34,S1,IDENTIFY_START,supported,normal,normal,[],{}
run_001,42,923.97365745954,34,S1,IDENTIFY_END,supported,normal,normal,[],{}
run_001,42,923.97365745954,34,Q1,Q_PUT,,,,[],{}
run_001,42,923.97365745954,35,Q0,Q_GET,,,,[],{}
run_001,42,933.4895143130946,35,S1,IDENTIFY_START,supported,normal,normal,[],{}
run_001,42,938.2747159411324,35,S1,IDENTIFY_END,supported,normal,normal,[],{}
run_001,42,938.2747159411324,35,Q1,Q_PUT,,,,[],{}
run_001,42,938.2747159411324,36,Q0,Q_GET,,,,[],{}
run_001,42,940.7749351011362,10,S2,M1_END,supported,normal,normal,[],{}
run_001,42,940.7749351011362,10,Q2,Q_PUT,,,,[],{}
run_001,42,940.7749351011362,11,Q1,Q_GET,,,,[],{}
run_001,42,940.7749351011362,11,S2,M1_START,supported,normal,normal,[],{}
run_001,42,943.2711047084489,36,S1,IDENTIFY_START,supported,normal,normal,[],{}
run_001,42,952.6797319120005,36,S1,IDENTIFY_END,supported,normal,normal,[],{}
run_001,42,952.6797319120005,36,Q1,Q_PUT,,,,[],{}
run_001,42,952.6797319120005,37,Q0,Q_GET,,,,[],{}
run_001,42,958.5118653633194,11,S2,M1_END,supported,normal,normal,[],{}
run_001,42,958.5118653633194,11,Q2,Q_PUT,,,,[],{}
run_001,42,958.5118653633194,12,Q1,Q_GET,,,,[],{}
run_001,42,958.5118653633194,12,S2,M1_START,supported,normal,normal,[],{}
run_001,42,962.9757619511286,37,S1,IDENTIFY_START,supported,normal,normal,[],{}
run_001,42,969.8577972077442,37,S1,IDENTIFY_END,supported,normal,normal,[],{}
run_001,42,969.8577972077442,37,Q1,Q_PUT,,,,[],{}
run_001,42,969.8577972077442,38,Q0,Q_GET,,,,[],{}
run_001,42,972.9080105010979,4,S5,M4_END,supported,normal,normal,[],{}
run_001,42,972.9080105010979,4,Q5,Q_PUT,,,,[],{}
run_001,42,972.9080105010979,4,Q5,Q_GET,,,,[],{}
run_001,42,972.9080105010979,4,S6,PACK_START,supported,normal,normal,[],{}
run_001,42,975.2567201305728,38,S1,IDENTIFY_START,supported,normal,normal,[],{}
run_001,42,980.6993590698032,38,S1,IDENTIFY_END,supported,normal,normal,[],{}
run_001,42,980.6993590698032,38,Q1,Q_PUT,,,,[],{}
run_001,42,980.6993590698032,39,Q0,Q_GET,,,,[],{}
run_001,42,987.1297976924861,39,S1,IDENTIFY_START,supported,normal,normal,[],{}
run_001,42,1005.7436671582545,39,S1,IDENTIFY_END,supported,normal,normal,[],{}
run_001,42,1005.7436671582545,39,Q1,Q_PUT,,,,[],{}
run_001,42,1005.7436671582545,40,Q0,Q_GET,,,,[],{}
run_001,42,1010.6389132791869,5,S3,M2_END,supported,normal,normal,[],{}
run_001,42,1010.6389132791869,5,Q3,Q_PUT,,,,[],{}
run_001,42,1010.6389132791869,5,Q3,Q_GET,,,,[],{}
run_001,42,1010.6389132791869,6,Q2,Q_GET,,,,[],{}
run_001,42,1010.6389132791869,5,S4,M3_START,supported,normal,normal,[],{}
run_001,42,1010.6389132791869,6,S3,M2_START,supported,normal,normal,[],"{""cooling"": ""-80C""}"
run_001,42,1015.0269410435454,40,S1,IDENTIFY_START,supported,normal,normal,[],{}
run_001,42,1018.1738869519066,12,S2,M1_END,supported,normal,normal,[],{}
run_001,42,1018.1738869519066,12,Q2,Q_PUT,,,,[],{}
run_001,42,1018.1738869519066,13,Q1,Q_GET,,,,[],{}
run_001,42,1018.1738869519066,13,S2,M1_START,supported,normal,normal,[],{}
run_001,42,1020.3265891136388,4,S6,PACK_END,supported,normal,normal,[],{}
run_001,42,1020.3265891136388,4,S6,DISPATCHED,supported,normal,normal,[],"{""outputs"": {""batteries"": 1.0, ""logic_boards"": 1.0, ""housings"": 1.0, ""modules_magnets"": 1.0, ""mixed_fines"": 0.22848983963533065}}"
run_001,42,1021.8973607403278,40,S1,IDENTIFY_END,supported,normal,normal,[],{}
run_001,42,1021.8973607403278,40,Q1,Q_PUT,,,,[],{}
run_001,42,1022.0198915900133,41,S0,ARRIVAL_BIN,supported,normal,normal,[],{}
run_001,42,1022.0198915900133,41,Q0,Q_PUT,,,,[],{}
run_001,42,1022.0198915900133,42,S0,ARRIVAL_BIN,supported,normal,normal,[],{}
run_001,42,1022.0198915900133,41,Q0,Q_GET,,,,[],{}
run_001,42,1022.0198915900133,42,Q0,Q_PUT,,,,[],{}
run_001,42,1022.0198915900133,43,S0,ARRIVAL_BIN,supported,normal,normal,[],{}
run_001,42,1022.0198915900133,43,Q0,Q_PUT,,,,[],{}
run_001,42,1022.0198915900133,44,S0,ARRIVAL_BIN,supported,normal,normal,[],{}
run_001,42,1022.0198915900133,44,Q0,Q_PUT,,,,[],{}
run_001,42,1022.0198915900133,45,S0,ARRIVAL_BIN,supported,normal,normal,[],{}
run_001,42,1022.0198915900133,45,Q0,Q_PUT,,,,[],{}
run_001,42,1022.0198915900133,46,S0,ARRIVAL_BIN,supported,normal,normal,[],{}
run_001,42,1022.0198915900133,46,Q0,Q_PUT,,,,[],{}
run_001,42,1022.0198915900133,47,S0,ARRIVAL_BIN,supported,normal,normal,[],{}
run_001,42,1022.0198915900133,47,Q0,Q_PUT,,,,[],{}
run_001,42,1022.0198915900133,48,S0,ARRIVAL_BIN,supported,normal,normal,[],{}
run_001,42,1022.0198915900133,48,Q0,Q_PUT,,,,[],{}
run_001,42,1022.0198915900133,49,S0,ARRIVAL_BIN,supported,normal,normal,[],{}
run_001,42,1022.0198915900133,49,Q0,Q_PUT,,,,[],{}
run_001,42,1022.0198915900133,50,S0,ARRIVAL_BIN,supported,normal,normal,[],{}
run_001,42,1022.0198915900133,50,Q0,Q_PUT,,,,[],{}
run_001,42,1022.0198915900133,51,S0,ARRIVAL_BIN,supported,normal,normal,[],{}
run_001,42,1022.0198915900133,51,Q0,Q_PUT,,,,[],{}
run_001,42,1022.0198915900133,52,S0,ARRIVAL_BIN,supported,normal,normal,[],{}
run_001,42,1022.0198915900133,52,Q0,Q_PUT,,,,[],{}
run_001,42,1022.0198915900133,53,S0,ARRIVAL_BIN,supported,normal,normal,[],{}
run_001,42,1022.0198915900133,53,Q0,Q_PUT,,,,[],{}
run_001,42,1022.0198915900133,54,S0,ARRIVAL_BIN,supported,normal,normal,[],{}
run_001,42,1022.0198915900133,54,Q0,Q_PUT,,,,[],{}
run_001,42,1022.0198915900133,55,S0,ARRIVAL_BIN,supported,normal,normal,[],{}
run_001,42,1022.0198915900133,55,Q0,Q_PUT,,,,[],{}
run_001,42,1022.0198915900133,56,S0,ARRIVAL_BIN,supported,normal,normal,[],{}
run_001,42,1022.0198915900133,56,Q0,Q_PUT,,,,[],{}
run_001,42,1022.0198915900133,57,S0,ARRIVAL_BIN,supported,normal,normal,[],{}
run_001,42,1022.0198915900133,57,Q0,Q_PUT,,,,[],{}
run_001,42,1022.0198915900133,58,S0,ARRIVAL_BIN,supported,normal,normal,[],{}
run_001,42,1022.0198915900133,58,Q0,Q_PUT,,,,[],{}
run_001,42,1022.0198915900133,59,S0,ARRIVAL_BIN,supported,normal,normal,[],{}
run_001,42,1022.0198915900133,59,Q0,Q_PUT,,,,[],{}
run_001,42,1022.0198915900133,60,S0,ARRIVAL_BIN,supported,normal,normal,[],{}
run_001,42,1022.0198915900133,60,Q0,Q_PUT,,,,[],{}
run_001,42,1022.0198915900133,61,S0,ARRIVAL_BIN,supported,normal,normal,[],{}
run_001,42,1022.0198915900133,61,Q0,Q_PUT,,,,[],{}
run_001,42,1025.9393186020143,41,S1,IDENTIFY_START,supported,normal,normal,[],{}
run_001,42,1032.306272354479,41,S1,IDENTIFY_END,supported,normal,normal,[],{}
run_001,42,1032.306272354479,41,Q1,Q_PUT,,,,[],{}
run_001,42,1032.306272354479,42,Q0,Q_GET,,,,[],{}
run_001,42,1037.372802404393,42,S1,IDENTIFY_START,supported,normal,normal,[],{}
run_001,42,1042.3457758542622,42,S1,IDENTIFY_END,supported,normal,normal,[],{}
run_001,42,1042.3457758542622,42,Q1,Q_PUT,,,,[],{}
run_001,42,1042.3457758542622,43,Q0,Q_GET,,,,[],{}
run_001,42,1046.7907888089019,43,S1,IDENTIFY_START,supported,normal,normal,[],{}
run_001,42,1052.3834644395924,43,S1,IDENTIFY_END,supported,normal,normal,[],{}
run_001,42,1052.3834644395924,43,Q1,Q_PUT,,,,[],{}
run_001,42,1052.3834644395924,44,Q0,Q_GET,,,,[],{}
run_001,42,1056.9835707156062,5,S4,M3_END,supported,normal,normal,[],{}
run_001,42,1056.9835707156062,5,Q4,Q_PUT,,,,[],{}
run_001,42,1056.9835707156062,5,Q4,Q_GET,,,,[],{}
run_001,42,1056.9835707156062,5,S5,M4_START,supported,normal,normal,[],{}
run_001,42,1063.345279860957,44,S1,IDENTIFY_START,supported,normal,normal,[],{}
run_001,42,1075.0930718793113,13,S2,M1_END,supported,normal,normal,[],{}
run_001,42,1075.0930718793113,13,Q2,Q_PUT,,,,[],{}
run_001,42,1075.0930718793113,14,Q1,Q_GET,,,,[],{}
run_001,42,1075.0930718793113,14,S2,M1_START,supported,normal,normal,[],{}
run_001,42,1075.8556883658737,44,S1,IDENTIFY_END,supported,normal,normal,[],{}
run_001,42,1075.8556883658737,44,Q1,Q_PUT,,,,[],{}
run_001,42,1075.8556883658737,45,Q0,Q_GET,,,,[],{}
run_001,42,1080.2246549337042,45,S1,IDENTIFY_START,supported,normal,normal,[],{}
run_001,42,1083.2263598378504,45,S1,IDENTIFY_END,supported,normal,normal,[],{}
run_001,42,1083.2263598378504,45,Q1,Q_PUT,,,,[],{}
run_001,42,1083.2263598378504,46,Q0,Q_GET,,,,[],{}
run_001,42,1087.4937518404988,46,S1,IDENTIFY_START,supported,normal,normal,[],{}
run_001,42,1094.5248171195694,6,S3,M2_END,supported,normal,normal,[],{}
run_001,42,1094.5248171195694,6,Q3,Q_PUT,,,,[],{}
run_001,42,1094.5248171195694,6,Q3,Q_GET,,,,[],{}
run_001,42,1094.5248171195694,7,Q2,Q_GET,,,,[],{}
run_001,42,1094.5248171195694,6,S4,M3_START,supported,normal,normal,[],{}
run_001,42,1094.5248171195694,7,S3,M2_START,supported,normal,normal,[],"{""cooling"": ""-80C""}"
run_001,42,1098.48098232999,46,S1,IDENTIFY_END,supported,normal,normal,[],{}
run_001,42,1098.48098232999,46,Q1,Q_PUT,,,,[],{}
run_001,42,1098.48098232999,47,Q0,Q_GET,,,,[],{}
run_001,42,1103.2722634721795,47,S1,IDENTIFY_START,supported,normal,normal,[],{}
run_001,42,1108.1090950576229,5,S5,M4_END,supported,normal,normal,[],{}
run_001,42,1108.1090950576229,5,Q5,Q_PUT,,,,[],{}
run_001,42,1108.1090950576229,5,Q5,Q_GET,,,,[],{}
run_001,42,1108.1090950576229,5,S6,PACK_START,supported,normal,normal,[],{}
run_001,42,1116.2465521628478,47,S1,IDENTIFY_END,supported,normal,normal,[],{}
run_001,42,1116.2465521628478,47,Q1,Q_PUT,,,,[],{}
run_001,42,1116.2465521628478,48,Q0,Q_GET,,,,[],{}
run_001,42,1121.5991930168059,5,S6,PACK_END,supported,normal,normal,[],{}
run_001,42,1121.5991930168059,5,S6,DISPATCHED,supported,normal,normal,[],"{""outputs"": {""batteries"": 1.0, ""logic_boards"": 1.0, ""housings"": 1.0, ""modules_magnets"": 1.0, ""mixed_fines"": 0.5430396112707726}}"
run_001,42,1125.132256501891,6,S4,M3_END,supported,normal,normal,[],{}
run_001,42,1125.132256501891,6,Q4,Q_PUT,,,,[],{}
run_001,42,1125.132256501891,6,Q4,Q_GET,,,,[],{}
run_001,42,1125.132256501891,6,S5,M4_START,supported,normal,normal,[],{}
run_001,42,1128.1778605248442,48,S1,IDENTIFY_START,supported,normal,normal,[],{}
run_001,42,1136.8254678003384,48,S1,IDENTIFY_END,supported,normal,normal,[],{}
run_001,42,1136.8254678003384,48,Q1,Q_PUT,,,,[],{}
run_001,42,1136.8254678003384,49,Q0,Q_GET,,,,[],{}
run_001,42,1149.4235984067423,49,S1,IDENTIFY_START,supported,normal,normal,[],{}
run_001,42,1153.4640927793491,14,S2,M1_END,supported,normal,normal,[],{}
run_001,42,1153.4640927793491,14,Q2,Q_PUT,,,,[],{}
run_001,42,1153.4640927793491,15,Q1,Q_GET,,,,[],{}
run_001,42,1153.4640927793491,15,S2,M1_START,supported,normal,normal,[],{}
run_001,42,1156.0140663184955,49,S1,IDENTIFY_END,supported,normal,normal,[],{}
run_001,42,1156.0140663184955,49,Q1,Q_PUT,,,,[],{}
run_001,42,1156.0140663184955,50,Q0,Q_GET,,,,[],{}
run_001,42,1163.409840223914,50,S1,IDENTIFY_START,supported,normal,normal,[],{}
run_001,42,1173.8057644299415,50,S1,IDENTIFY_END,supported,normal,normal,[],{}
run_001,42,1173.8057644299415,50,Q1,Q_PUT,,,,[],{}
run_001,42,1173.8057644299415,51,Q0,Q_GET,,,,[],{}
run_001,42,1175.588033696119,6,S5,M4_END,supported,normal,normal,[],{}
run_001,42,1175.588033696119,6,Q5,Q_PUT,,,,[],{}
run_001,42,1175.588033696119,6,Q5,Q_GET,,,,[],{}
run_001,42,1175.588033696119,6,S6,PACK_START,supported,normal,normal,[],{}
run_001,42,1178.1452610179904,51,S1,IDENTIFY_START,supported,normal,normal,[],{}
run_001,42,1194.0369586731347,51,S1,IDENTIFY_END,supported,normal,normal,[],{}
run_001,42,1194.0369586731347,51,Q1,Q_PUT,,,,[],{}
run_001,42,1194.0369586731347,52,Q0,Q_GET,,,,[],{}
run_001,42,1197.9078396559773,7,S3,M2_END,supported,normal,normal,[],{}
run_001,42,1197.9078396559773,7,Q3,Q_PUT,,,,[],{}
run_001,42,1197.9078396559773,7,Q3,Q_GET,,,,[],{}
run_001,42,1197.9078396559773,8,Q2,Q_GET,,,,[],{}
run_001,42,1197.9078396559773,7,S4,M3_START,supported,normal,normal,[],{}
run_001,42,1197.9078396559773,8,S3,M2_START,supported,normal,normal,[],"{""cooling"": ""-80C""}"
run_001,42,1200.7158775055332,52,S1,IDENTIFY_START,supported,normal,normal,[],{}
run_001,42,1203.9685036435562,6,S6,PACK_END,supported,normal,normal,[],{}
run_001,42,1203.9685036435562,6,S6,DISPATCHED,supported,normal,normal,[],"{""outputs"": {""batteries"": 1.0, ""logic_boards"": 1.0, ""housings"": 1.0, ""modules_magnets"": 1.0, ""mixed_fines"": 0.8356392069699874}}"
run_001,42,1211.5653781701615,7,S4,M3_END,supported,normal,normal,[],{}
run_001,42,1211.5653781701615,7,Q4,Q_PUT,,,,[],{}
run_001,42,1211.5653781701615,7,Q4,Q_GET,,,,[],{}
run_001,42,1211.5653781701615,7,S5,M4_START,supported,normal,normal,[],{}
run_001,42,1214.1596599184215,52,S1,IDENTIFY_END,supported,normal,normal,[],{}
run_001,42,1214.1596599184215,52,Q1,Q_PUT,,,,[],{}
run_001,42,1214.1596599184215,53,Q0,Q_GET,,,,[],{}
run_001,42,1222.0029886734224,53,S1,IDENTIFY_START,supported,normal,normal,[],{}
run_001,42,1224.4662102841269,15,S2,M1_END,supported,normal,normal,[],{}
run_001,42,1224.4662102841269,15,Q2,Q_PUT,,,,[],{}
run_001,42,1224.4662102841269,16,Q1,Q_GET,,,,[],{}
run_001,42,1224.4662102841269,16,S2,M1_START,supported,normal,normal,[],{}
run_001,42,1236.2297934014396,53,S1,IDENTIFY_END,supported,normal,normal,[],{}
run_001,42,1236.2297934014396,53,Q1,Q_PUT,,,,[],{}
run_001,42,1236.2297934014396,54,Q0,Q_GET,,,,[],{}
run_001,42,1242.210033185277,54,S1,IDENTIFY_START,supported,normal,normal,[],{}
run_001,42,1244.3373984737234,8,S3,M2_END,supported,normal,normal,[],{}
run_001,42,1244.3373984737234,8,Q3,Q_PUT,,,,[],{}
run_001,42,1244.3373984737234,8,Q3,Q_GET,,,,[],{}
run_001,42,1244.3373984737234,9,Q2,Q_GET,,,,[],{}
run_001,42,1244.3373984737234,8,S4,M3_START,supported,normal,normal,[],{}
run_001,42,1244.3373984737234,9,S3,M2_START,supported,normal,normal,[],"{""cooling"": ""-80C""}"
run_001,42,1250.1818282388242,54,S1,IDENTIFY_END,supported,normal,normal,[],{}
run_001,42,1250.1818282388242,54,Q1,Q_PUT,,,,[],{}
run_001,42,1250.1818282388242,55,Q0,Q_GET,,,,[],{}
run_001,42,1255.220207245717,55,S1,IDENTIFY_START,supported,normal,normal,[],{}
run_001,42,1257.2709992102875,7,S5,M4_END,supported,normal,normal,[],{}
run_001,42,1257.2709992102875,7,Q5,Q_PUT,,,,[],{}
run_001,42,1257.2709992102875,7,Q5,Q_GET,,,,[],{}
run_001,42,1257.2709992102875,7,S6,PACK_START,supported,normal,normal,[],{}
run_001,42,1267.2199321642806,55,S1,IDENTIFY_END,supported,normal,normal,[],{}
run_001,42,1267.2199321642806,55,Q1,Q_PUT,,,,[],{}
run_001,42,1267.2199321642806,56,Q0,Q_GET,,,,[],{}
run_001,42,1268.3214017857654,7,S6,PACK_END,supported,normal,normal,[],{}
run_001,42,1268.3214017857654,7,S6,DISPATCHED,supported,normal,normal,[],"{""outputs"": {""batteries"": 1.0, ""logic_boards"": 1.0, ""housings"": 1.0, ""modules_magnets"": 1.0, ""mixed_fines"": 0.14510553390834202}}"
run_001,42,1270.8189234867311,16,S2,M1_END,supported,normal,normal,[],{}
run_001,42,1270.8189234867311,16,Q2,Q_PUT,,,,[],{}
run_001,42,1270.8189234867311,17,Q1,Q_GET,,,,[],{}
run_001,42,1270.8189234867311,17,S2,M1_START,supported,normal,normal,[],{}
run_001,42,1271.607557872702,56,S1,IDENTIFY_START,supported,normal,normal,[],{}
run_001,42,1278.4243995951445,56,S1,IDENTIFY_END,supported,normal,normal,[],{}
run_001,42,1278.4243995951445,56,Q1,Q_PUT,,,,[],{}
run_001,42,1278.4243995951445,57,Q0,Q_GET,,,,[],{}
run_001,42,1289.1094178317135,8,S4,M3_END,supported,normal,normal,[],{}
run_001,42,1289.1094178317135,8,Q4,Q_PUT,,,,[],{}
run_001,42,1289.1094178317135,8,Q4,Q_GET,,,,[],{}
run_001,42,1289.1094178317135,8,S5,M4_START,supported,normal,normal,[],{}
run_001,42,1290.2191166783598,57,S1,IDENTIFY_START,supported,normal,normal,[],{}
run_001,42,1295.5447992329384,57,S1,IDENTIFY_END,supported,normal,normal,[],{}
run_001,42,1295.5447992329384,57,Q1,Q_PUT,,,,[],{}
run_001,42,1295.5447992329384,58,Q0,Q_GET,,,,[],{}
run_001,42,1298.4529691713976,58,S1,IDENTIFY_START,supported,normal,normal,[],{}
run_001,42,1302.4500844559584,58,S1,IDENTIFY_END,supported,normal,normal,[],{}
run_001,42,1302.4500844559584,58,Q1,Q_PUT,,,,[],{}
run_001,42,1302.4500844559584,59,Q0,Q_GET,,,,[],{}
run_001,42,1305.8929619186904,59,S1,IDENTIFY_START,supported,normal,normal,[],{}
run_001,42,1315.7425058530728,59,S1,IDENTIFY_END,supported,normal,normal,[],{}
run_001,42,1315.7425058530728,59,Q1,Q_PUT,,,,[],{}
run_001,42,1315.7425058530728,60,Q0,Q_GET,,,,[],{}
run_001,42,1321.8639901769118,60,S1,IDENTIFY_START,supported,normal,normal,[],{}
run_001,42,1321.940231207558,9,S3,M2_END,supported,normal,normal,[],{}
run_001,42,1321.940231207558,9,Q3,Q_PUT,,,,[],{}
run_001,42,1321.940231207558,9,Q3,Q_GET,,,,[],{}
run_001,42,1321.940231207558,10,Q2,Q_GET,,,,[],{}
run_001,42,1321.940231207558,9,S4,M3_START,supported,normal,normal,[],{}
run_001,42,1321.940231207558,10,S3,M2_START,supported,normal,normal,[],"{""cooling"": ""-80C""}"
run_001,42,1328.7542135362485,60,S1,IDENTIFY_END,supported,normal,normal,[],{}
run_001,42,1328.7542135362485,60,Q1,Q_PUT,,,,[],{}
run_001,42,1328.7542135362485,61,Q0,Q_GET,,,,[],{}
run_001,42,1331.8083756496158,17,S2,M1_END,supported,normal,normal,[],{}
run_001,42,1331.8083756496158,17,Q2,Q_PUT,,,,[],{}
run_001,42,1331.8083756496158,18,Q1,Q_GET,,,,[],{}
run_001,42,1331.8083756496158,18,S2,M1_START,supported,normal,normal,[],{}
run_001,42,1333.414746936577,61,S1,IDENTIFY_START,supported,normal,normal,[],{}
run_001,42,1338.416355345464,8,S5,M4_END,supported,normal,normal,[],{}
run_001,42,1338.416355345464,8,Q5,Q_PUT,,,,[],{}
run_001,42,1338.416355345464,8,Q5,Q_GET,,,,[],{}
run_001,42,1338.416355345464,8,S6,PACK_START,supported,normal,normal,[],{}
run_001,42,1339.6614080368668,61,S1,IDENTIFY_END,supported,normal,normal,[],{}
run_001,42,1339.6614080368668,61,Q1,Q_PUT,,,,[],{}
run_001,42,1348.6211383342327,8,S6,PACK_END,supported,normal,normal,[],{}
run_001,42,1348.6211383342327,8,S6,DISPATCHED,supported,normal,normal,[],"{""outputs"": {""batteries"": 1.0, ""logic_boards"": 1.0, ""housings"": 1.0, ""modules_magnets"": 1.0, ""mixed_fines"": 0.31663329065761026}}"
run_001,42,1361.2709498310296,18,S2,M1_END,supported,normal,normal,[],{}
run_001,42,1361.2709498310296,18,Q2,Q_PUT,,,,[],{}
run_001,42,1361.2709498310296,19,Q1,Q_GET,,,,[],{}
run_001,42,1361.2709498310296,19,S2,M1_START,supported,normal,normal,[],{}
run_001,42,1367.1503241392418,9,S4,M3_END,supported,normal,normal,[],{}
run_001,42,1367.1503241392418,9,Q4,Q_PUT,,,,[],{}
run_001,42,1367.1503241392418,9,Q4,Q_GET,,,,[],{}
run_001,42,1367.1503241392418,9,S5,M4_START,supported,normal,normal,[],{}
run_001,42,1382.3782504963986,62,S0,ARRIVAL_BIN,supported,normal,normal,[],{}
run_001,42,1382.3782504963986,62,Q0,Q_PUT,,,,[],{}
run_001,42,1382.3782504963986,63,S0,ARRIVAL_BIN,supported,normal,normal,[],{}
run_001,42,1382.3782504963986,62,Q0,Q_GET,,,,[],{}
run_001,42,1382.3782504963986,63,Q0,Q_PUT,,,,[],{}
run_001,42,1382.3782504963986,64,S0,ARRIVAL_BIN,supported,normal,normal,[],{}
run_001,42,1382.3782504963986,64,Q0,Q_PUT,,,,[],{}
run_001,42,1382.3782504963986,65,S0,ARRIVAL_BIN,supported,normal,normal,[],{}
run_001,42,1382.3782504963986,65,Q0,Q_PUT,,,,[],{}
run_001,42,1382.3782504963986,66,S0,ARRIVAL_BIN,supported,normal,normal,[],{}
run_001,42,1382.3782504963986,66,Q0,Q_PUT,,,,[],{}
run_001,42,1382.3782504963986,67,S0,ARRIVAL_BIN,supported,normal,normal,[],{}
run_001,42,1382.3782504963986,67,Q0,Q_PUT,,,,[],{}
run_001,42,1382.3782504963986,68,S0,ARRIVAL_BIN,supported,normal,normal,[],{}
run_001,42,1382.3782504963986,68,Q0,Q_PUT,,,,[],{}
run_001,42,1382.3782504963986,69,S0,ARRIVAL_BIN,supported,normal,normal,[],{}
run_001,42,1382.3782504963986,69,Q0,Q_PUT,,,,[],{}
run_001,42,1382.3782504963986,70,S0,ARRIVAL_BIN,supported,normal,normal,[],{}
run_001,42,1382.3782504963986,70,Q0,Q_PUT,,,,[],{}
run_001,42,1382.3782504963986,71,S0,ARRIVAL_BIN,supported,normal,normal,[],{}
run_001,42,1382.3782504963986,71,Q0,Q_PUT,,,,[],{}
run_001,42,1382.3782504963986,72,S0,ARRIVAL_BIN,supported,normal,normal,[],{}
run_001,42,1382.3782504963986,72,Q0,Q_PUT,,,,[],{}
run_001,42,1394.252461471584,62,S1,IDENTIFY_START,supported,normal,normal,[],{}
run_001,42,1403.458965494931,19,S2,M1_END,supported,normal,normal,[],{}
run_001,42,1403.458965494931,19,Q2,Q_PUT,,,,[],{}
run_001,42,1403.458965494931,20,Q1,Q_GET,,,,[],{}
run_001,42,1403.458965494931,20,S2,M1_START,supported,normal,normal,[],{}
run_001,42,1407.973997312463,62,S1,IDENTIFY_END,supported,normal,normal,[],{}
run_001,42,1407.973997312463,62,Q1,Q_PUT,,,,[],{}
run_001,42,1407.973997312463,63,Q0,Q_GET,,,,[],{}
run_001,42,1417.9008685377883,63,S1,IDENTIFY_START,supported,normal,normal,[],{}
run_001,42,1430.4462283904957,63,S1,IDENTIFY_END,supported,normal,normal,[],{}
run_001,42,1430.4462283904957,63,Q1,Q_PUT,,,,[],{}
run_001,42,1430.4462283904957,64,Q0,Q_GET,,,,[],{}
run_001,42,1440.0861468701414,64,S1,IDENTIFY_START,supported,normal,normal,[],{}
run_001,42,1445.1986633770448,64,S1,IDENTIFY_END,supported,normal,normal,[],{}
run_001,42,1445.1986633770448,64,Q1,Q_PUT,,,,[],{}
run_001,42,1445.1986633770448,65,Q0,Q_GET,,,,[],{}
run_001,42,1448.4774145494953,10,S3,M2_END,supported,normal,normal,[],{}
run_001,42,1448.4774145494953,10,Q3,Q_PUT,,,,[],{}
run_001,42,1448.4774145494953,10,Q3,Q_GET,,,,[],{}
run_001,42,1448.4774145494953,11,Q2,Q_GET,,,,[],{}
run_001,42,1448.4774145494953,10,S4,M3_START,supported,normal,normal,[],{}
run_001,42,1448.4774145494953,11,S3,M2_START,supported,normal,normal,[],"{""cooling"": ""-80C""}"
run_001,42,1452.2519013398849,65,S1,IDENTIFY_START,supported,normal,normal,[],{}
run_001,42,1462.721420992691,65,S1,IDENTIFY_END,supported,normal,normal,[],{}
run_001,42,1462.721420992691,65,Q1,Q_PUT,,,,[],{}
run_001,42,1462.721420992691,66,Q0,Q_GET,,,,[],{}
run_001,42,1467.0561518181191,66,S1,IDENTIFY_START,supported,normal,normal,[],{}
run_001,42,1468.5630315613757,9,S5,M4_END,supported,normal,normal,[],{}
run_001,42,1468.5630315613757,9,Q5,Q_PUT,,,,[],{}
run_001,42,1468.5630315613757,9,Q5,Q_GET,,,,[],{}
run_001,42,1468.5630315613757,9,S6,PACK_START,supported,normal,normal,[],{}
run_001,42,1471.8426543122282,20,S2,M1_END,supported,normal,normal,[],{}
run_001,42,1471.8426543122282,20,Q2,Q_PUT,,,,[],{}
run_001,42,1471.8426543122282,21,Q1,Q_GET,,,,[],{}
run_001,42,1471.8426543122282,21,S2,M1_START,supported,normal,normal,[],{}
run_001,42,1475.5855403720795,66,S1,IDENTIFY_END,supported,normal,normal,[],{}
run_001,42,1475.5855403720795,66,Q1,Q_PUT,,,,[],{}
run_001,42,1475.5855403720795,67,Q0,Q_GET,,,,[],{}
run_001,42,1477.816346234589,10,S4,M3_END,supported,normal,normal,[],{}
run_001,42,1477.816346234589,10,Q4,Q_PUT,,,,[],{}
run_001,42,1477.816346234589,10,Q4,Q_GET,,,,[],{}
run_001,42,1477.816346234589,10,S5,M4_START,supported,normal,normal,[],{}
run_001,42,1481.6039108074906,67,S1,IDENTIFY_START,supported,normal,normal,[],{}
run_001,42,1488.9977908826554,9,S6,PACK_END,supported,normal,normal,[],{}
run_001,42,1488.9977908826554,9,S6,DISPATCHED,supported,normal,normal,[],"{""outputs"": {""batteries"": 1.0, ""logic_boards"": 1.0, ""housings"": 1.0, ""modules_magnets"": 1.0, ""mixed_fines"": 0.21645418284767726}}"
run_001,42,1498.013952246764,67,S1,IDENTIFY_END,supported,normal,normal,[],{}
run_001,42,1498.013952246764,67,Q1,Q_PUT,,,,[],{}
run_001,42,1498.013952246764,68,Q0,Q_GET,,,,[],{}
run_001,42,1504.7992310511913,68,S1,IDENTIFY_START,supported,normal,normal,[],{}
run_001,42,1506.6945243273049,21,S2,M1_END,supported,normal,normal,[],{}
run_001,42,1506.6945243273049,21,Q2,Q_PUT,,,,[],{}
run_001,42,1506.6945243273049,22,Q1,Q_GET,,,,[],{}
run_001,42,1506.6945243273049,22,S2,M1_START,supported,normal,normal,[],{}
run_001,42,1511.7895048304433,68,S1,IDENTIFY_END,supported,normal,normal,[],{}
run_001,42,1511.7895048304433,68,Q1,Q_PUT,,,,[],{}
run_001,42,1511.7895048304433,69,Q0,Q_GET,,,,[],{}
run_001,42,1519.8206997322636,11,S3,M2_END,supported,normal,normal,[],{}
run_001,42,1519.8206997322636,11,Q3,Q_PUT,,,,[],{}
run_001,42,1519.8206997322636,11,Q3,Q_GET,,,,[],{}
run_001,42,1519.8206997322636,12,Q2,Q_GET,,,,[],{}
run_001,42,1519.8206997322636,11,S4,M3_START,supported,normal,normal,[],{}
run_001,42,1519.8206997322636,12,S3,M2_START,supported,normal,normal,[],"{""cooling"": ""-80C""}"
run_001,42,1520.069114534695,69,S1,IDENTIFY_START,supported,normal,normal,[],{}
run_001,42,1522.5189491106228,73,S0,ARRIVAL_BIN,supported,normal,normal,[],{}
run_001,42,1522.5189491106228,73,Q0,Q_PUT,,,,[],{}
run_001,42,1522.5189491106228,74,S0,ARRIVAL_BIN,supported,normal,normal,[],{}
run_001,42,1522.5189491106228,74,Q0,Q_PUT,,,,[],{}
run_001,42,1522.5189491106228,75,S0,ARRIVAL_BIN,supported,normal,normal,[],{}
run_001,42,1522.5189491106228,75,Q0,Q_PUT,,,,[],{}
run_001,42,1522.5189491106228,76,S0,ARRIVAL_BIN,supported,normal,normal,[],{}
run_001,42,1522.5189491106228,76,Q0,Q_PUT,,,,[],{}
run_001,42,1522.5189491106228,77,S0,ARRIVAL_BIN,supported,normal,normal,[],{}
run_001,42,1522.5189491106228,77,Q0,Q_PUT,,,,[],{}
run_001,42,1522.5189491106228,78,S0,ARRIVAL_BIN,supported,normal,normal,[],{}
run_001,42,1522.5189491106228,78,Q0,Q_PUT,,,,[],{}
run_001,42,1522.5189491106228,79,S0,ARRIVAL_BIN,supported,normal,normal,[],{}
run_001,42,1522.5189491106228,79,Q0,Q_PUT,,,,[],{}
run_001,42,1522.5189491106228,80,S0,ARRIVAL_BIN,supported,normal,normal,[],{}
run_001,42,1522.5189491106228,80,Q0,Q_PUT,,,,[],{}
run_001,42,1522.5189491106228,81,S0,ARRIVAL_BIN,supported,normal,normal,[],{}
run_001,42,1522.5189491106228,81,Q0,Q_PUT,,,,[],{}
run_001,42,1522.5189491106228,82,S0,ARRIVAL_BIN,supported,normal,normal,[],{}
run_001,42,1522.5189491106228,82,Q0,Q_PUT,,,,[],{}
run_001,42,1522.5189491106228,83,S0,ARRIVAL_BIN,supported,normal,normal,[],{}
run_001,42,1522.5189491106228,83,Q0,Q_PUT,,,,[],{}
run_001,42,1522.5189491106228,84,S0,ARRIVAL_BIN,supported,normal,normal,[],{}
run_001,42,1522.5189491106228,84,Q0,Q_PUT,,,,[],{}
run_001,42,1522.5189491106228,85,S0,ARRIVAL_BIN,supported,normal,normal,[],{}
run_001,42,1522.5189491106228,85,Q0,Q_PUT,,,,[],{}
run_001,42,1522.5189491106228,86,S0,ARRIVAL_BIN,supported,normal,normal,[],{}
run_001,42,1522.5189491106228,86,Q0,Q_PUT,,,,[],{}
run_001,42,1522.5189491106228,87,S0,ARRIVAL_BIN,supported,normal,normal,[],{}
run_001,42,1522.5189491106228,87,Q0,Q_PUT,,,,[],{}
run_001,42,1522.5189491106228,88,S0,ARRIVAL_BIN,supported,normal,normal,[],{}
run_001,42,1522.5189491106228,88,Q0,Q_PUT,,,,[],{}
run_001,42,1522.5189491106228,89,S0,ARRIVAL_BIN,supported,normal,normal,[],{}
run_001,42,1522.5189491106228,89,Q0,Q_PUT,,,,[],{}
run_001,42,1522.5189491106228,90,S0,ARRIVAL_BIN,supported,normal,normal,[],{}
run_001,42,1522.5189491106228,90,Q0,Q_PUT,,,,[],{}
run_001,42,1522.5189491106228,91,S0,ARRIVAL_BIN,supported,normal,normal,[],{}
run_001,42,1522.5189491106228,91,Q0,Q_PUT,,,,[],{}
run_001,42,1522.5189491106228,92,S0,ARRIVAL_BIN,supported,normal,normal,[],{}
run_001,42,1522.5189491106228,92,Q0,Q_PUT,,,,[],{}
run_001,42,1522.5189491106228,93,S0,ARRIVAL_BIN,supported,normal,normal,[],{}
run_001,42,1522.5189491106228,93,Q0,Q_PUT,,,,[],{}
run_001,42,1522.5189491106228,94,S0,ARRIVAL_BIN,supported,normal,normal,[],{}
run_001,42,1522.5189491106228,94,Q0,Q_PUT,,,,[],{}
run_001,42,1522.5189491106228,95,S0,ARRIVAL_BIN,supported,normal,normal,[],{}
run_001,42,1522.5189491106228,95,Q0,Q_PUT,,,,[],{}
run_001,42,1522.5189491106228,96,S0,ARRIVAL_BIN,supported,normal,normal,[],{}
run_001,42,1522.5189491106228,96,Q0,Q_PUT,,,,[],{}
run_001,42,1522.5189491106228,97,S0,ARRIVAL_BIN,supported,normal,normal,[],{}
run_001,42,1522.5189491106228,97,Q0,Q_PUT,,,,[],{}
run_001,42,1522.5189491106228,98,S0,ARRIVAL_BIN,supported,normal,normal,[],{}
run_001,42,1522.5189491106228,98,Q0,Q_PUT,,,,[],{}
run_001,42,1522.5189491106228,99,S0,ARRIVAL_BIN,supported,normal,normal,[],{}
run_001,42,1522.5189491106228,99,Q0,Q_PUT,,,,[],{}
run_001,42,1522.5189491106228,100,S0,ARRIVAL_BIN,supported,normal,normal,[],{}
run_001,42,1522.5189491106228,100,Q0,Q_PUT,,,,[],{}
run_001,42,1522.5189491106228,101,S0,ARRIVAL_BIN,supported,normal,normal,[],{}
run_001,42,1522.5189491106228,101,Q0,Q_PUT,,,,[],{}
run_001,42,1522.5189491106228,102,S0,ARRIVAL_BIN,supported,normal,normal,[],{}
run_001,42,1522.5189491106228,102,Q0,Q_PUT,,,,[],{}
run_001,42,1522.5189491106228,103,S0,ARRIVAL_BIN,supported,normal,normal,[],{}
run_001,42,1522.5189491106228,103,Q0,Q_PUT,,,,[],{}
run_001,42,1526.6756539950877,69,S1,IDENTIFY_END,supported,normal,normal,[],{}
run_001,42,1526.6756539950877,69,Q1,Q_PUT,,,,[],{}
run_001,42,1526.6756539950877,70,Q0,Q_GET,,,,[],{}
run_001,42,1527.9826045790144,10,S5,M4_END,supported,normal,normal,[],{}
run_001,42,1527.9826045790144,10,Q5,Q_PUT,,,,[],{}
run_001,42,1527.9826045790144,10,Q5,Q_GET,,,,[],{}
run_001,42,1527.9826045790144,10,S6,PACK_START,supported,normal,normal,[],{}
run_001,42,1537.420478191712,70,S1,IDENTIFY_START,supported,normal,normal,[],{}
run_001,42,1540.2146624829904,10,S6,PACK_END,supported,normal,normal,[],{}
run_001,42,1540.2146624829904,10,S6,DISPATCHED,supported,normal,normal,[],"{""outputs"": {""batteries"": 1.0, ""logic_boards"": 1.0, ""housings"": 1.0, ""modules_magnets"": 1.0, ""mixed_fines"": 0.44457565090602646}}"
run_001,42,1549.1066546624565,70,S1,IDENTIFY_END,supported,normal,normal,[],{}
run_001,42,1549.1066546624565,70,Q1,Q_PUT,,,,[],{}
run_001,42,1549.1066546624565,71,Q0,Q_GET,,,,[],{}
run_001,42,1549.4725695941938,22,S2,M1_END,supported,normal,normal,[],{}
run_001,42,1549.4725695941938,22,Q2,Q_PUT,,,,[],{}
run_001,42,1549.4725695941938,23,Q1,Q_GET,,,,[],{}
run_001,42,1549.4725695941938,23,S2,M1_START,supported,normal,normal,[],{}
run_001,42,1551.2246157890913,11,S4,M3_END,supported,normal,normal,[],{}
run_001,42,1551.2246157890913,11,Q4,Q_PUT,,,,[],{}
run_001,42,1551.2246157890913,11,Q4,Q_GET,,,,[],{}
run_001,42,1551.2246157890913,11,S5,M4_START,supported,normal,normal,[],{}
run_001,42,1561.2208578835896,71,S1,IDENTIFY_START,supported,normal,normal,[],{}
run_001,42,1571.1019579989934,71,S1,IDENTIFY_END,supported,normal,normal,[],{}
run_001,42,1571.1019579989934,71,Q1,Q_PUT,,,,[],{}
run_001,42,1571.1019579989934,72,Q0,Q_GET,,,,[],{}
run_001,42,1574.2999998523499,23,S2,M1_END,supported,normal,normal,[],{}
run_001,42,1574.2999998523499,23,Q2,Q_PUT,,,,[],{}
run_001,42,1574.2999998523499,24,Q1,Q_GET,,,,[],{}
run_001,42,1574.2999998523499,24,S2,M1_START,supported,normal,normal,[],{}
run_001,42,1580.9410403546012,72,S1,IDENTIFY_START,supported,normal,normal,[],{}
run_001,42,1587.2243572703958,72,S1,IDENTIFY_END,supported,normal,normal,[],{}
run_001,42,1587.2243572703958,72,Q1,Q_PUT,,,,[],{}
run_001,42,1587.2243572703958,73,Q0,Q_GET,,,,[],{}
run_001,42,1591.1496932683483,73,S1,IDENTIFY_START,supported,normal,normal,[],{}
run_001,42,1601.3147431620223,73,S1,IDENTIFY_END,supported,normal,normal,[],{}
run_001,42,1601.3147431620223,73,Q1,Q_PUT,,,,[],{}
run_001,42,1601.3147431620223,74,Q0,Q_GET,,,,[],{}
run_001,42,1608.7943428729031,74,S1,IDENTIFY_START,supported,normal,normal,[],{}
run_001,42,1615.8684423590298,12,S3,M2_END,supported,normal,normal,[],{}
run_001,42,1615.8684423590298,12,Q3,Q_PUT,,,,[],{}
run_001,42,1615.8684423590298,12,Q3,Q_GET,,,,[],{}
run_001,42,1615.8684423590298,13,Q2,Q_GET,,,,[],{}
run_001,42,1615.8684423590298,12,S4,M3_START,supported,normal,normal,[],{}
run_001,42,1615.8684423590298,13,S3,M2_START,supported,normal,normal,[],"{""cooling"": ""-80C""}"
run_001,42,1618.4141930443375,74,S1,IDENTIFY_END,supported,normal,normal,[],{}
run_001,42,1618.4141930443375,74,Q1,Q_PUT,,,,[],{}
run_001,42,1618.4141930443375,75,Q0,Q_GET,,,,[],{}
run_001,42,1625.28891877357,75,S1,IDENTIFY_START,supported,normal,normal,[],{}
run_001,42,1635.243897482587,75,S1,IDENTIFY_END,supported,normal,normal,[],{}
run_001,42,1635.243897482587,75,Q1,Q_PUT,,,,[],{}
run_001,42,1635.243897482587,76,Q0,Q_GET,,,,[],{}
run_001,42,1639.40482551275,76,S1,IDENTIFY_START,supported,normal,normal,[],{}
run_001,42,1644.3085225948864,76,S1,IDENTIFY_END,supported,normal,normal,[],{}
run_001,42,1644.3085225948864,76,Q1,Q_PUT,,,,[],{}
run_001,42,1644.3085225948864,77,Q0,Q_GET,,,,[],{}
run_001,42,1646.9652523473367,12,S4,M3_END,supported,normal,normal,[],{}
run_001,42,1646.9652523473367,12,Q4,Q_PUT,,,,[],{}
run_001,42,1648.0977223734797,11,S5,M4_END,supported,normal,normal,[],{}
run_001,42,1648.0977223734797,11,Q5,Q_PUT,,,,[],{}
run_001,42,1648.0977223734797,11,Q5,Q_GET,,,,[],{}
run_001,42,1648.0977223734797,12,Q4,Q_GET,,,,[],{}
run_001,42,1648.0977223734797,11,S6,PACK_START,supported,normal,normal,[],{}
run_001,42,1648.0977223734797,12,S5,M4_START,supported,normal,normal,[],{}
run_001,42,1648.2043452065514,24,S2,M1_END,supported,normal,normal,[],{}
run_001,42,1648.2043452065514,24,Q2,Q_PUT,,,,[],{}
run_001,42,1648.2043452065514,25,Q1,Q_GET,,,,[],{}
run_001,42,1648.2043452065514,25,S2,M1_START,supported,normal,normal,[],{}
run_001,42,1652.6393567591367,77,S1,IDENTIFY_START,supported,normal,normal,[],{}
run_001,42,1659.081141725784,77,S1,IDENTIFY_END,supported,normal,normal,[],{}
run_001,42,1659.081141725784,77,Q1,Q_PUT,,,,[],{}
run_001,42,1659.081141725784,78,Q0,Q_GET,,,,[],{}
run_001,42,1664.6406543139262,78,S1,IDENTIFY_START,supported,normal,normal,[],{}
run_001,42,1667.4868057606081,11,S6,PACK_END,supported,normal,normal,[],{}
run_001,42,1667.4868057606081,11,S6,DISPATCHED,supported,normal,normal,[],"{""outputs"": {""batteries"": 1.0, ""logic_boards"": 1.0, ""housings"": 1.0, ""modules_magnets"": 1.0, ""mixed_fines"": 0.4871502468040704}}"
run_001,42,1670.0093393245795,78,S1,IDENTIFY_END,supported,normal,normal,[],{}
run_001,42,1670.0093393245795,78,Q1,Q_PUT,,,,[],{}
run_001,42,1670.0093393245795,79,Q0,Q_GET,,,,[],{}
run_001,42,1682.1277720841435,79,S1,IDENTIFY_START,supported,normal,normal,[],{}
run_001,42,1690.2261678802593,79,S1,IDENTIFY_END,supported,normal,normal,[],{}
run_001,42,1690.2261678802593,79,Q1,Q_PUT,,,,[],{}
run_001,42,1690.2261678802593,80,Q0,Q_GET,,,,[],{}
run_001,42,1697.0432593445053,104,S0,ARRIVAL_BIN,supported,normal,normal,[],{}
run_001,42,1697.0432593445053,104,Q0,Q_PUT,,,,[],{}
run_001,42,1697.0432593445053,105,S0,ARRIVAL_BIN,supported,normal,normal,[],{}
run_001,42,1697.0432593445053,105,Q0,Q_PUT,,,,[],{}
run_001,42,1697.0432593445053,106,S0,ARRIVAL_BIN,supported,normal,normal,[],{}
run_001,42,1697.0432593445053,106,Q0,Q_PUT,,,,[],{}
run_001,42,1697.0432593445053,107,S0,ARRIVAL_BIN,supported,normal,normal,[],{}
run_001,42,1697.0432593445053,107,Q0,Q_PUT,,,,[],{}
run_001,42,1697.0432593445053,108,S0,ARRIVAL_BIN,supported,normal,normal,[],{}
run_001,42,1697.0432593445053,108,Q0,Q_PUT,,,,[],{}
run_001,42,1697.0432593445053,109,S0,ARRIVAL_BIN,supported,normal,normal,[],{}
run_001,42,1697.0432593445053,109,Q0,Q_PUT,,,,[],{}
run_001,42,1697.0432593445053,110,S0,ARRIVAL_BIN,supported,normal,normal,[],{}
run_001,42,1697.0432593445053,110,Q0,Q_PUT,,,,[],{}
run_001,42,1697.0432593445053,111,S0,ARRIVAL_BIN,supported,normal,normal,[],{}
run_001,42,1697.0432593445053,111,Q0,Q_PUT,,,,[],{}
run_001,42,1697.0432593445053,112,S0,ARRIVAL_BIN,supported,normal,normal,[],{}
run_001,42,1697.0432593445053,112,Q0,Q_PUT,,,,[],{}
run_001,42,1697.0432593445053,113,S0,ARRIVAL_BIN,supported,normal,normal,[],{}
run_001,42,1697.0432593445053,113,Q0,Q_PUT,,,,[],{}
run_001,42,1697.0432593445053,114,S0,ARRIVAL_BIN,supported,normal,normal,[],{}
run_001,42,1697.0432593445053,114,Q0,Q_PUT,,,,[],{}
run_001,42,1697.0432593445053,115,S0,ARRIVAL_BIN,supported,normal,normal,[],{}
run_001,42,1697.0432593445053,115,Q0,Q_PUT,,,,[],{}
run_001,42,1697.0432593445053,116,S0,ARRIVAL_BIN,supported,normal,normal,[],{}
run_001,42,1697.0432593445053,116,Q0,Q_PUT,,,,[],{}
run_001,42,1697.0432593445053,117,S0,ARRIVAL_BIN,supported,normal,normal,[],{}
run_001,42,1697.0432593445053,117,Q0,Q_PUT,,,,[],{}
run_001,42,1697.0432593445053,118,S0,ARRIVAL_BIN,supported,normal,normal,[],{}
run_001,42,1697.0432593445053,118,Q0,Q_PUT,,,,[],{}
run_001,42,1697.0432593445053,119,S0,ARRIVAL_BIN,supported,normal,normal,[],{}
run_001,42,1697.0432593445053,119,Q0,Q_PUT,,,,[],{}
run_001,42,1697.0432593445053,120,S0,ARRIVAL_BIN,supported,normal,normal,[],{}
run_001,42,1697.0432593445053,120,Q0,Q_PUT,,,,[],{}
run_001,42,1697.0432593445053,121,S0,ARRIVAL_BIN,supported,normal,normal,[],{}
run_001,42,1697.0432593445053,121,Q0,Q_PUT,,,,[],{}
run_001,42,1697.0432593445053,122,S0,ARRIVAL_BIN,supported,normal,normal,[],{}
run_001,42,1697.0432593445053,122,Q0,Q_PUT,,,,[],{}
run_001,42,1697.0432593445053,123,S0,ARRIVAL_BIN,supported,normal,normal,[],{}
run_001,42,1697.0432593445053,123,Q0,Q_PUT,,,,[],{}
run_001,42,1697.0432593445053,124,S0,ARRIVAL_BIN,supported,normal,normal,[],{}
run_001,42,1697.0432593445053,124,Q0,Q_PUT,,,,[],{}
run_001,42,1697.0432593445053,125,S0,ARRIVAL_BIN,supported,normal,normal,[],{}
run_001,42,1697.0432593445053,125,Q0,Q_PUT,,,,[],{}
run_001,42,1697.0432593445053,126,S0,ARRIVAL_BIN,supported,normal,normal,[],{}
run_001,42,1697.0432593445053,126,Q0,Q_PUT,,,,[],{}
run_001,42,1697.0432593445053,127,S0,ARRIVAL_BIN,supported,normal,normal,[],{}
run_001,42,1697.0432593445053,127,Q0,Q_PUT,,,,[],{}
run_001,42,1697.0432593445053,128,S0,ARRIVAL_BIN,supported,normal,normal,[],{}
run_001,42,1697.0432593445053,128,Q0,Q_PUT,,,,[],{}
run_001,42,1699.2981953877504,80,S1,IDENTIFY_START,supported,normal,normal,[],{}
run_001,42,1704.4427443253599,25,S2,M1_END,supported,normal,normal,[],{}
run_001,42,1704.4427443253599,25,Q2,Q_PUT,,,,[],{}
run_001,42,1704.4427443253599,26,Q1,Q_GET,,,,[],{}
run_001,42,1704.4427443253599,26,S2,M1_START,supported,normal,normal,[],{}
run_001,42,1711.857494914352,80,S1,IDENTIFY_END,supported,normal,normal,[],{}
run_001,42,1711.857494914352,80,Q1,Q_PUT,,,,[],{}
run_001,42,1711.857494914352,81,Q0,Q_GET,,,,[],{}
run_001,42,1725.5392008804438,81,S1,IDENTIFY_START,supported,normal,normal,[],{}
run_001,42,1728.5433288286872,13,S3,M2_END,supported,normal,normal,[],{}
run_001,42,1728.5433288286872,13,Q3,Q_PUT,,,,[],{}
run_001,42,1728.5433288286872,13,Q3,Q_GET,,,,[],{}
run_001,42,1728.5433288286872,14,Q2,Q_GET,,,,[],{}
run_001,42,1728.5433288286872,13,S4,M3_START,supported,normal,normal,[],{}
run_001,42,1728.5433288286872,14,S3,M2_START,supported,normal,normal,[],"{""cooling"": ""-80C""}"
run_001,42,1737.1056713389598,81,S1,IDENTIFY_END,supported,normal,normal,[],{}
run_001,42,1737.1056713389598,81,Q1,Q_PUT,,,,[],{}
run_001,42,1737.1056713389598,82,Q0,Q_GET,,,,[],{}
run_001,42,1741.2862550807752,82,S1,IDENTIFY_START,supported,normal,normal,[],{}
run_001,42,1744.452484352019,26,S2,M1_END,supported,normal,normal,[],{}
run_001,42,1744.452484352019,26,Q2,Q_PUT,,,,[],{}
run_001,42,1744.452484352019,27,Q1,Q_GET,,,,[],{}
run_001,42,1744.452484352019,27,S2,M1_START,supported,normal,normal,[],{}
run_001,42,1747.969830455101,13,S4,M3_END,supported,normal,normal,[],{}
run_001,42,1747.969830455101,13,Q4,Q_PUT,,,,[],{}
run_001,42,1751.1000396889942,82,S1,IDENTIFY_END,supported,normal,normal,[],{}
run_001,42,1751.1000396889942,82,Q1,Q_PUT,,,,[],{}
run_001,42,1751.1000396889942,83,Q0,Q_GET,,,,[],{}
run_001,42,1760.1417717049715,12,S5,M4_END,supported,normal,normal,[],{}
run_001,42,1760.1417717049715,12,Q5,Q_PUT,,,,[],{}
run_001,42,1760.1417717049715,12,Q5,Q_GET,,,,[],{}
run_001,42,1760.1417717049715,13,Q4,Q_GET,,,,[],{}
run_001,42,1760.1417717049715,12,S6,PACK_START,supported,normal,normal,[],{}
run_001,42,1760.1417717049715,13,S5,M4_START,supported,normal,normal,[],{}
run_001,42,1761.3357912126364,83,S1,IDENTIFY_START,supported,normal,normal,[],{}
run_001,42,1776.8022889980036,83,S1,IDENTIFY_END,supported,normal,normal,[],{}
run_001,42,1776.8022889980036,83,Q1,Q_PUT,,,,[],{}
run_001,42,1776.8022889980036,84,Q0,Q_GET,,,,[],{}
run_001,42,1780.8790528336017,84,S1,IDENTIFY_START,supported,normal,normal,[],{}
run_001,42,1782.9897524394328,12,S6,PACK_END,supported,normal,normal,[],{}
run_001,42,1782.9897524394328,12,S6,DISPATCHED,supported,normal,normal,[],"{""outputs"": {""batteries"": 1.0, ""logic_boards"": 1.0, ""housings"": 1.0, ""modules_magnets"": 1.0, ""mixed_fines"": 0.34184991486655636}}"
run_001,42,1795.635768268689,27,S2,M1_END,supported,normal,normal,[],{}
run_001,42,1795.635768268689,27,Q2,Q_PUT,,,,[],{}
run_001,42,1795.635768268689,28,Q1,Q_GET,,,,[],{}
run_001,42,1795.635768268689,28,S2,M1_START,supported,normal,normal,[],{}
run_001,42,1800.0146072164969,84,S1,IDENTIFY_END,supported,normal,normal,[],{}
run_001,42,1800.0146072164969,84,Q1,Q_PUT,,,,[],{}
run_001,42,1800.0146072164969,85,Q0,Q_GET,,,,[],{}
run_001,42,1810.4098873939586,85,S1,IDENTIFY_START,supported,normal,normal,[],{}
run_001,42,1810.667256243459,13,S5,M4_END,supported,normal,normal,[],{}
run_001,42,1810.667256243459,13,Q5,Q_PUT,,,,[],{}
run_001,42,1810.667256243459,13,Q5,Q_GET,,,,[],{}
run_001,42,1810.667256243459,13,S6,PACK_START,supported,normal,normal,[],{}
run_001,42,1815.1779564492278,85,S1,IDENTIFY_END,supported,normal,normal,[],{}
run_001,42,1815.1779564492278,85,Q1,Q_PUT,,,,[],{}
run_001,42,1815.1779564492278,86,Q0,Q_GET,,,,[],{}
run_001,42,1826.5193148784479,86,S1,IDENTIFY_START,supported,normal,normal,[],{}
run_001,42,1829.964293850863,86,S1,IDENTIFY_END,supported,normal,normal,[],{}
run_001,42,1829.964293850863,86,Q1,Q_PUT,,,,[],{}
run_001,42,1829.964293850863,87,Q0,Q_GET,,,,[],{}
run_001,42,1834.3260417483955,87,S1,IDENTIFY_START,supported,normal,normal,[],{}
run_001,42,1841.2403877982442,13,S6,PACK_END,supported,normal,normal,[],{}
run_001,42,1841.2403877982442,13,S6,DISPATCHED,supported,normal,normal,[],"{""outputs"": {""batteries"": 1.0, ""logic_boards"": 1.0, ""housings"": 1.0, ""modules_magnets"": 0.0, ""mixed_fines"": 0.48284217968325127}}"
run_001,42,1846.8257431579684,87,S1,IDENTIFY_END,supported,normal,normal,[],{}
run_001,42,1846.8257431579684,87,Q1,Q_PUT,,,,[],{}
run_001,42,1846.8257431579684,88,Q0,Q_GET,,,,[],{}
run_001,42,1854.9732498709614,14,S3,M2_END,supported,normal,normal,[],{}
run_001,42,1854.9732498709614,14,Q3,Q_PUT,,,,[],{}
run_001,42,1854.9732498709614,14,Q3,Q_GET,,,,[],{}
run_001,42,1854.9732498709614,15,Q2,Q_GET,,,,[],{}
run_001,42,1854.9732498709614,14,S4,M3_START,supported,normal,normal,[],{}
run_001,42,1854.9732498709614,15,S3,M2_START,supported,normal,normal,[],"{""cooling"": ""-80C""}"
run_001,42,1858.4173666422378,88,S1,IDENTIFY_START,supported,normal,normal,[],{}
run_001,42,1861.5559035821334,28,S2,M1_END,supported,normal,normal,[],{}
run_001,42,1861.5559035821334,28,Q2,Q_PUT,,,,[],{}
run_001,42,1861.5559035821334,29,Q1,Q_GET,,,,[],{}
run_001,42,1861.5559035821334,29,S2,M1_START,supported,normal,normal,[],{}
run_001,42,1862.34593347412,88,S1,IDENTIFY_END,supported,normal,normal,[],{}
run_001,42,1862.34593347412,88,Q1,Q_PUT,,,,[],{}
run_001,42,1862.34593347412,89,Q0,Q_GET,,,,[],{}
run_001,42,1867.3966554441101,89,S1,IDENTIFY_START,supported,normal,normal,[],{}
run_001,42,1870.1811316736737,14,S4,M3_END,supported,normal,normal,[],{}
run_001,42,1870.1811316736737,14,Q4,Q_PUT,,,,[],{}
run_001,42,1870.1811316736737,14,Q4,Q_GET,,,,[],{}
run_001,42,1870.1811316736737,14,S5,M4_START,supported,normal,normal,[],{}
run_001,42,1880.8682425277577,15,S3,M2_END,supported,normal,normal,[],{}
run_001,42,1880.8682425277577,15,Q3,Q_PUT,,,,[],{}
run_001,42,1880.8682425277577,15,Q3,Q_GET,,,,[],{}
run_001,42,1880.8682425277577,16,Q2,Q_GET,,,,[],{}
run_001,42,1880.8682425277577,15,S4,M3_START,supported,normal,normal,[],{}
run_001,42,1880.8682425277577,16,S3,M2_START,supported,normal,normal,[],"{""cooling"": ""-80C""}"
run_001,42,1881.2363817827063,89,S1,IDENTIFY_END,supported,normal,normal,[],{}
run_001,42,1881.2363817827063,89,Q1,Q_PUT,,,,[],{}
run_001,42,1881.2363817827063,90,Q0,Q_GET,,,,[],{}
run_001,42,1884.4877413163078,90,S1,IDENTIFY_START,supported,normal,normal,[],{}
run_001,42,1890.2993436003574,90,S1,IDENTIFY_END,supported,normal,normal,[],{}
run_001,42,1890.2993436003574,90,Q1,Q_PUT,,,,[],{}
run_001,42,1890.2993436003574,91,Q0,Q_GET,,,,[],{}
run_001,42,1897.2736989985256,91,S1,IDENTIFY_START,supported,normal,normal,[],{}
run_001,42,1908.063845142794,29,S2,M1_END,supported,normal,normal,[],{}
run_001,42,1908.063845142794,29,Q2,Q_PUT,,,,[],{}
run_001,42,1908.063845142794,30,Q1,Q_GET,,,,[],{}
run_001,42,1908.063845142794,30,S2,M1_START,supported,normal,normal,[],{}
run_001,42,1909.2604230354048,91,S1,IDENTIFY_END,supported,normal,normal,[],{}
run_001,42,1909.2604230354048,91,Q1,Q_PUT,,,,[],{}
run_001,42,1909.2604230354048,92,Q0,Q_GET,,,,[],{}
run_001,42,1913.7207699022515,92,S1,IDENTIFY_START,supported,normal,normal,[],{}
run_001,42,1920.8980071368733,15,S4,M3_END,supported,normal,normal,[],{}
run_001,42,1920.8980071368733,15,Q4,Q_PUT,,,,[],{}
run_001,42,1925.543026641893,92,S1,IDENTIFY_END,supported,normal,normal,[],{}
run_001,42,1925.543026641893,92,Q1,Q_PUT,,,,[],{}
run_001,42,1925.543026641893,93,Q0,Q_GET,,,,[],{}
run_001,42,1934.4019852519143,93,S1,IDENTIFY_START,supported,normal,normal,[],{}
run_001,42,1952.168513916631,93,S1,IDENTIFY_END,supported,normal,normal,[],{}
run_001,42,1952.168513916631,93,Q1,Q_PUT,,,,[],{}
run_001,42,1952.168513916631,94,Q0,Q_GET,,,,[],{}
run_001,42,1955.6264275919425,94,S1,IDENTIFY_START,supported,normal,normal,[],{}
run_001,42,1955.9219046792452,30,S2,M1_END,supported,normal,normal,[],{}
run_001,42,1955.9219046792452,30,Q2,Q_PUT,,,,[],{}
run_001,42,1955.9219046792452,31,Q1,Q_GET,,,,[],{}
run_001,42,1955.9219046792452,31,S2,M1_START,supported,normal,normal,[],{}
run_001,42,1965.7933131525463,94,S1,IDENTIFY_END,supported,normal,normal,[],{}
run_001,42,1965.7933131525463,94,Q1,Q_PUT,,,,[],{}
run_001,42,1965.7933131525463,95,Q0,Q_GET,,,,[],{}
run_001,42,1967.0648688662318,14,S5,M4_END,supported,normal,normal,[],{}
run_001,42,1967.0648688662318,14,Q5,Q_PUT,,,,[],{}
run_001,42,1967.0648688662318,14,Q5,Q_GET,,,,[],{}
run_001,42,1967.0648688662318,15,Q4,Q_GET,,,,[],{}
run_001,42,1967.0648688662318,14,S6,PACK_START,supported,normal,normal,[],{}
run_001,42,1967.0648688662318,15,S5,M4_START,supported,normal,normal,[],{}
run_001,42,1974.1536045357918,31,S2,M1_END,supported,normal,normal,[],{}
run_001,42,1974.1536045357918,31,Q2,Q_PUT,,,,[],{}
run_001,42,1974.1536045357918,32,Q1,Q_GET,,,,[],{}
run_001,42,1974.1536045357918,32,S2,M1_START,supported,normal,normal,[],{}
run_001,42,1974.648817816319,95,S1,IDENTIFY_START,supported,normal,normal,[],{}
run_001,42,1982.1120574021952,14,S6,PACK_END,supported,normal,normal,[],{}
run_001,42,1982.1120574021952,14,S6,DISPATCHED,supported,normal,normal,[],"{""outputs"": {""batteries"": 1.0, ""logic_boards"": 1.0, ""housings"": 1.0, ""modules_magnets"": 1.0, ""mixed_fines"": 0.13544076625905369}}"
run_001,42,1984.7362456564674,16,S3,M2_END,supported,normal,normal,[],{}
run_001,42,1984.7362456564674,16,Q3,Q_PUT,,,,[],{}
run_001,42,1984.7362456564674,16,Q3,Q_GET,,,,[],{}
run_001,42,1984.7362456564674,17,Q2,Q_GET,,,,[],{}
run_001,42,1984.7362456564674,16,S4,M3_START,supported,normal,normal,[],{}
run_001,42,1984.7362456564674,17,S3,M2_START,supported,normal,normal,[],"{""cooling"": ""-80C""}"
run_001,42,1987.27239585049,95,S1,IDENTIFY_END,supported,normal,normal,[],{}
run_001,42,1987.27239585049,95,Q1,Q_PUT,,,,[],{}
run_001,42,1987.27239585049,96,Q0,Q_GET,,,,[],{}
run_001,42,1992.742156725836,96,S1,IDENTIFY_START,supported,normal,normal,[],{}
